<?xml version="1.0" encoding="UTF-8"?>
<project-private xmlns="http://www.netbeans.org/ns/project-private/1">
    <editor-bookmarks xmlns="http://www.netbeans.org/ns/editor-bookmarks/2" lastBookmarkId="0"/>
    <open-files xmlns="http://www.netbeans.org/ns/projectui-open-files/2">
        <group>
            <file>file:/D:/xampp/htdocs/WebAppRxCons/HomePage_Top_Style.css</file>
            <file>file:/D:/xampp/htdocs/WebAppRxCons/HomePage_NewPresTable.php</file>
            <file>file:/D:/xampp/htdocs/WebAppRxCons/Home_Logo_patient.php</file>
            <file>file:/D:/xampp/htdocs/WebAppRxCons/HomePage_Style.css</file>
            <file>file:/D:/xampp/htdocs/WebAppRxCons/HomePage_PreviousPres_Style.css</file>
            <file>file:/D:/xampp/htdocs/WebAppRxCons/Homepage_Hospital.php</file>
            <file>file:/D:/xampp/htdocs/WebAppRxCons/Database_PrevPres.php</file>
            <file>file:/D:/xampp/htdocs/WebAppRxCons/Database_PrevPres_patient.php</file>
        </group>
    </open-files>
</project-private>
